Id,Title,Phase,Genres,Release Date,Director,ScreenWriter,Producer,Cast,Plot,Language,Filming Locations,Status,Movie Rating,Review Rating,Movie Run Time,Budget,Box office
1,Iron Man,Phase One,"Action, Adventure, Sci-Fi",02-05-2008,Jon Favreau,Mark Fergus & Hawk Ostby†and†Art Marcum & Matt Holloway,Avi Arad and Kevin Feige,"Robert Downey Jr., Gwyneth Paltrow, Terrence Howard, Jeff Bridges","After being held captive in an Afghan cave, billionaire engineer Tony Stark creates a unique weaponized suit of armor to fight evil.","English, Persian, Urdu, Arabic, Hungarian","Palmdale Regional Airport, Palmdale, California, USA",Released,PG-13,7.9,126 min,140000000,585174222
2,The Incredible Hulk,Phase One,"Action, Adventure, Sci-Fi",13-06-2008,Louis Leterrier,Zak Penn,"Avi Arad, Gale Anne Hurd and Kevin Feige","Edward Norton, Liv Tyler, Tim Roth, William Hurt","Bruce Banner, a scientist on the run from the U.S. Government, must find a cure for the monster he turns into, whenever he loses his temper.","English, Portuguese, Spanish","Cherry Street Bridge, Toronto, Ontario, Canada",Released,PG-13,6.7,112 min,150000000,263427551
3,Iron Man 2,Phase One,"Action, Adventure, Sci-Fi",07-05-2010,Jon Favreau,Justin Theroux,Kevin Feige,"Robert Downey Jr., Mickey Rourke, Gwyneth Paltrow, Don Cheadle","With the world now aware of his identity as Iron Man, Tony Stark must contend with both his declining health and a vengeful mad man with ties to his father's legacy.","English, French, Russian","D.C. Stages, 1360 East 6th Street, Downtown, Los Angeles, California, USA",Released,PG-13,7,124 min,200000000,623933331
4,Thor,Phase One,"Action, Adventure, Fantasy, Sci-Fi",06-05-2011,Kenneth Branagh,Ashley Edward Miller†&†Zack Stentz†and†Don Payne,Kevin Feige,"Chris Hemsworth, Anthony Hopkins, Natalie Portman, Tom Hiddleston","The powerful but arrogant god Thor (Chris Hemsworth) is cast out of Asgard to live amongst humans in Midgard (Earth), where he soon becomes one of their finest defenders.",English,"Galisteo, New Mexico, USA",Released,PG-13,7,115 min,150000000,449326618
5,Captain America: The First Avenger,Phase One,"Action, Adventure, Sci-Fi",22-07-2011,Joe Johnston,Christopher Markus & Stephen McFeely,Kevin Feige,"Chris Evans, Hugo Weaving, Samuel L. Jackson, Hayley Atwell","Steve Rogers, a rejected military soldier transforms into Captain America after taking a dose of a ""Super-Soldier serum"". But being Captain America comes at a price as he attempts to take down a war monger and a terrorist organization.","English, Norwegian, French","Stanley Dock, Liverpool, Merseyside, England, UK",Released,PG-13,6.9,124 min,140000000,370569774
6,The Avengers,Phase One,"Action, Adventure, Sci-Fi",04-05-2012,Joss Whedon,Drew Pearce†and Shane Black,Kevin Feige,"Robert Downey Jr., Chris Evans, Scarlett Johansson, Jeremy Renner",Earth's mightiest heroes must come together and learn to fight as a team if they are going to stop the mischievous Loki and his alien army from enslaving humanity.,"English, Russian, Hindi","Pittsburgh, Pennsylvania, USA",Released,PG-13,8.1,143 min,220000000,1519557910
7,Iron Man 3,Phase Two,"Action, Adventure, Sci-Fi",03-05-2013,Shane Black,Christopher L. Yost†and†Christopher Markus & Stephen McFeely,Kevin Feige,"Robert Downey Jr., Guy Pearce, Gwyneth Paltrow, Don Cheadle","When Tony Stark's world is torn apart by a formidable terrorist called the Mandarin, he starts an odyssey of rebuilding and retribution.",English,"Cary, North Carolina, USA",Released,PG-13,7.2,130 min,200000000,1215439994
8,Thor: The Dark World,Phase Two,"Action, Adventure, Fantasy",08-11-2013,Alan Taylor,Christopher Markus & Stephen McFeely,Kevin Feige,"Chris Hemsworth, Natalie Portman, Tom Hiddleston, Stellan Skarsg√•rd","When Dr. Jane Foster (Natalie Portman) gets cursed with a powerful entity known as the Aether, Thor is heralded of the cosmic event known as the Convergence and the genocidal Dark Elves.",English,"Shepperton Studios, Shepperton, Surrey, England, UK",Released,PG-13,6.9,112 min,170000000,644783140
9,Captain America: The Winter Soldier,Phase Two,"Action, Adventure, Sci-Fi, Thriller",04-04-2014,Anthony and Joe Russo,James Gunn and†Nicole Perlman,Kevin Feige,"Chris Evans, Samuel L. Jackson, Scarlett Johansson, Robert Redford","As Steve Rogers struggles to embrace his role in the modern world, he teams up with a fellow Avenger and S.H.I.E.L.D agent, Black Widow, to battle a new threat from history: an assassin known as the Winter Soldier.","English, French","Los Angeles, California, USA",Released,PG-13,7.8,136 min,170000000,714766572
10,Guardians of the Galaxy,Phase Two,"Action, Adventure, Comedy, Sci-Fi",01-08-2014,James Gunn,Edgar Wright†&†Joe Cornish†and†Adam McKay†&†Paul Rudd,Kevin Feige,"Chris Pratt, Vin Diesel, Bradley Cooper, Zoe Saldana",A group of intergalactic criminals must pull together to stop a fanatical warrior with plans to purge the universe.,English,"Shepperton Studios, Shepperton, Surrey, England, UK",Released,PG-13,8.1,121 min,170000000,774176600
11,Avengers: Age of Ultron,Phase Two,"Action, Adventure, Sci-Fi",01-05-2015,Joss Whedon,Christopher Markus & Stephen McFeely,Kevin Feige,"Robert Downey Jr., Chris Evans, Mark Ruffalo, Chris Hemsworth","When Tony Stark and Bruce Banner try to jump-start a dormant peacekeeping program called Ultron, things go horribly wrong and it's up to Earth's mightiest heroes to stop the villainous Ultron from enacting his terrible plan.","English, Korean","Shepperton Studios, Shepperton, Surrey, England, UK",Released,PG-13,7.3,141 min,250000000,1405413868
12,Ant-Man,Phase Two,"Action, Adventure, Comedy, Sci-Fi",17-07-2015,Peyton Reed,Jon Spaihts†and Scott Derrickson &†C. Robert Cargill,Kevin Feige,"Paul Rudd, Michael Douglas, Corey Stoll, Evangeline Lilly","Armed with a super-suit with the astonishing ability to shrink in scale but increase in strength, cat burglar Scott Lang must embrace his inner hero and help his mentor, Dr. Hank Pym, plan and pull off a heist that will save the world.",English,"Pinewood Atlanta Studios, 461 Sandy Creek Road, Fayetteville, Georgia, USA",Released,PG-13,7.3,117 min,130000000,519445163
13,Captain America: Civil War,Phase Three,"Action, Adventure, Sci-Fi",06-05-2016,Anthony and Joe Russo,Jonathan Goldstein†&†John Francis Daley,Kevin Feige,"Chris Evans, Robert Downey Jr., Scarlett Johansson, Sebastian Stan",Political involvement in the Avengers' affairs causes a rift between Captain America and Iron Man.,"English, German, Xhosa, Russian, Romanian, Hindi","Atlanta, Georgia, USA",Released,PG-13,7.8,147 min,250000000,1153304495
14,Doctor Strange,Phase Three,"Action, Adventure, Fantasy, Sci-Fi",04-11-2016,Scott Derrickson,Jon Watts & Christopher Ford,Kevin Feige,"Benedict Cumberbatch, Chiwetel Ejiofor, Rachel McAdams, Benedict Wong","While on a journey of physical and spiritual healing, a brilliant neurosurgeon is drawn into the world of the mystic arts.",English,"New York City, New York, USA",Released,PG-13,7.5,115 min,165000000,677718395
15,Guardians of the Galaxy Vol. 2,Phase Three,"Action, Adventure, Comedy, Sci-Fi",05-05-2017,James Gunn,Chris McKenna†&†Erik Sommers,Kevin Feige,"Chris Pratt, Zoe Saldana, Dave Bautista, Vin Diesel","The Guardians struggle to keep together as a team while dealing with their personal family issues, notably Star-Lord's encounter with his father the ambitious celestial being Ego.",English,"Atlanta, Georgia, USA",Released,PG-13,7.7,136 min,200000000,863756051
16,Spider-Man: Homecoming,Phase Three,"Action, Adventure, Sci-Fi",07-07-2017,Jon Watts,Eric Pearson†and†Craig Kyle†&†Christopher L. Yost,Kevin Feige and Amy Pascal,"Tom Holland, Michael Keaton, Robert Downey Jr., Marisa Tomei","Peter Parker balances his life as an ordinary high school student in Queens with his superhero alter-ego Spider-Man, and finds himself on the trail of a new menace prowling the skies of New York City.","English, Spanish","Atlanta, Georgia, USA",Released,PG-13,7.5,133 min,175000000,880166924
17,Thor: Ragnarok,Phase Three,"Action, Adventure, Comedy, Fantasy, Sci-Fi",03-11-2017,Taika Waititi,Ryan Coogler &†Joe Robert Cole,Kevin Feige,"Chris Hemsworth, Tom Hiddleston, Cate Blanchett, Mark Ruffalo","Thor (Chris Hemsworth) is imprisoned on the planet Sakaar, and must race against time to return to Asgard and stop Ragnar√∂k, the destruction of his world, at the hands of the powerful and ruthless villain Hela (Cate Blanchett).",English,"Village Roadshow Studios, Oxenford, Queensland, Australia",Released,PG-13,7.9,130 min,180000000,853977126
18,Black Panther,Phase Three,"Action, Adventure, Sci-Fi",16-02-2018,Ryan Coogler,Christopher Markus & Stephen McFeely,Kevin Feige,"Chadwick Boseman, Michael B. Jordan, Lupita Nyong'o, Danai Gurira","T'Challa, heir to the hidden but advanced kingdom of Wakanda, must step forward to lead his people into a new future and must confront a challenger from his country's past.","English, Swahili, Nama, Xhosa, Korean","Pinewood Atlanta Studios, 461 Sandy Creek Road, Fayetteville, Georgia, USA",Released,PG-13,7.3,134 min,200000000,1347071259
19,Avengers: Infinity War,Phase Three,"Action, Adventure, Sci-Fi",27-04-2018,Anthony and Joe Russo,Chris McKenna & Erik Sommers,Kevin Feige,"Robert Downey Jr., Chris Hemsworth, Mark Ruffalo, Chris Evans",The Avengers and their allies must be willing to sacrifice all in an attempt to defeat the powerful Thanos before his blitz of devastation and ruin puts an end to the universe.,English,"Pinewood Atlanta Studios, 461 Sandy Creek Road, Fayetteville, Georgia, USA",Released,PG-13,8.5,149 min,321000000,2048709917
20,Ant-Man and the Wasp,Phase Three,"Action, Adventure, Comedy, Sci-Fi",06-07-2018,Peyton Reed,Paul Rudd†& Andrew Barrer & Gabriel Ferrari,Kevin Feige and Stephen Broussard,"Paul Rudd, Evangeline Lilly, Michael Pe√±a, Walton Goggins","As Scott Lang balances being both a Super Hero and a father, Hope van Dyne and Dr. Hank Pym present an urgent new mission that finds the Ant-Man fighting alongside The Wasp to uncover secrets from their past.","English, Spanish","Atlanta, Georgia, USA",Released,PG-13,7.1,118 min,162000000,622674139
21,Captain Marvel,Phase Three,"Action, Adventure, Sci-Fi",08-03-2019,Anna Boden and Ryan Fleck,Anna Boden & Ryan Fleck &†Geneva Robertson-Dworet,Kevin Feige,"Brie Larson, Samuel L. Jackson, Ben Mendelsohn, Jude Law",Carol Danvers becomes one of the universe's most powerful heroes when Earth is caught in the middle of a galactic war between two alien races.,English,"Los Angeles, California, USA",Released,PG-13,7.1,123 min,175000000,1126318317
22,Avengers: Endgame,Phase Three,"Action, Adventure, Sci-Fi",26-04-2019,Anthony and Joe Russo,Christopher Markus & Stephen McFeely,Kevin Feige,"Robert Downey Jr., Chris Evans, Mark Ruffalo, Chris Hemsworth","After the devastating events of Avengers: Infinity War (2018), the universe is in ruins. With the help of remaining allies, the Avengers assemble once more in order to undo Thanos' actions and restore order to the universe.","English, Japanese, Xhosa","Atlanta,Georgia,USA",Released,PG-13,8.8,181 min,356000000,2681988528
23,Spider-Man: Far from Home,Phase Three,"Action, Adventure, Sci-Fi",02-07-2019,Jon Watts,Chris McKenna & Erik Sommers,Kevin Feige and Amy Pascal,"Tom Holland, Samuel L. Jackson, Jake Gyllenhaal","Following the events of Avengers: Endgame, Spider-Man must step up to take on new threats in a world that has changed forever.",English,"Hertfordshire, England, UK",Released,PG-13,7.5,129 min,160000000,1131927996
24,Black Widow,Phase Four,"Action, Adventure, Sci-Fi",07-05-2021,Cate Shortland,Eric Pearson,Kevin Feige,"Scarlett Johansson, Florence Pugh, David Harbour, O-T Fagbenle, William Hurt, Ray Winstone, Rachel Weisz","At birth the Black Widow ""aka Natasha Romanova"" is given to the KGB, which grooms her to become its ultimate operative. When the U.S.S.R. breaks up, the government tries to kill her as the action moves to present-day New York, where she is a freelance operative",English,,Post-production,PG-13,,,150000000,
25,Shang-Chi and the Legend of the Ten Rings,Phase Four,"Action, Adventure, Fantasy, Sci-Fi",09-07-2021,Destin Daniel Cretton,David Callaham,Kevin Feige,"Michelle Yeoh, Awkwafina, Simu Liu","The movie, based on Marvel Comics, will focus on Shang-Chi; 'The Master of Kung-Fu'.",English,,Post-production,PG-13,,,,
26,Eternals,Phase Four,"Action, Adventure, Drama, Fantasy, Sci-Fi",05-11-2021,ChloÈ Zhao,Kaz Firpo†& Ryan Firpo,Kevin Feige,"Gemma Chan, Angelina Jolie, Salma Hayek","Following the events of Avengers: Endgame (2019), an unexpected tragedy forces the Eternals, ancient aliens who have been living on Earth in secret for thousands of years, out of the shadows to reunite against mankind's most ancient enemy, the Deviants.",English,,Post-production,PG-13,,,200000000,
27,Untitled†Spider-Man: Far From Home†sequel,Phase Four,"Action, Adventure, Sci-Fi",17-12-2021,Jon Watts,Chris McKenna†&†Erik Sommers,Kevin Feige and Amy Pascal,"Tom Holland, Zendaya, Benedict Cumberbatch",A continuation of Spider-Man Far From Home,English,,Filming,PG-13,,,,
28,Doctor Strange in the Multiverse of Madness,Phase Four,"Action, Adventure, Fantasy, Horror, Sci-Fi",25-03-2022,Sam Raimi,Jade Bartlett and Michael Waldron,Kevin Feige,"Rachel McAdams, Benedict Cumberbatch, Elizabeth Olsen","After the events of Avengers: Endgame, Dr. Stephen Strange continues his research on the Time Stone. But an old friend turned enemy seeks to destroy every sorcerer on Earth, messing with Strange's plan and also causing him to unleash an unspeakable evil.",English,,Filming,PG-13,,,,
29,Thor: Love and Thunder,Phase Four,"Action, Adventure, Fantasy",06-05-2022,Taika Waititi,Taika Waititi and†Jennifer Kaytin Robinson,Kevin Feige,"Chris Hemsworth, Natalie Portman, Taika Waititi, Christian Bale",The sequel to Thor: Ragnarok and the fourth movie in the Thor saga.,English,,Pre-production,PG-13,,,,
30,Black Panther II,Phase Four,"Action, Adventure, Drama, Sci-Fi, Thriller",08-07-2022,Ryan Coogler,Ryan Coogler,Kevin Feige,Danai Gurira,A sequel that will continue to explore the incomparable world of Wakanda and all the rich and varied characters introduced in the 2018 film.,English,,In development,PG-13,,,,
31,Captain Marvel 2,Phase Four,"Action, Adventure, Fantasy, Sci-Fi",11-11-2022,Nia DaCosta,Megan McDonnell,Kevin Feige,"Brie Larson, Teyonah Parris, Iman Vellani",Sequel of the 2019 title 'Captain Marvel'.,English,,In development,PG-13,,,,
32,Ant-Man and the Wasp: Quantumania,Phase Four,"Action, Adventure, Comedy, Mystery, Sci-Fi, Thriller",12-12-2022,Peyton Reed,Jeff Loveness,Kevin Feige,"Kathryn Newton, Evangeline Lilly, Paul Rudd",The further adventures of Ant-Man and the Wasp.,English,,Pre-production,PG-13,,,,
33,Guardians of the Galaxy Vol. 3,Phase Four,"Action, Adventure, Comedy, Sci-Fi, Thriller",12-12-2023,James Gunn,James Gunn,Kevin Feige,"Chris Pratt, Elizabeth Debicki, Karen Gillan, Zoe Saldana",Third installment of the 'Guardians of the Galaxy' franchise.,English,,In development,PG-13,,,,
